trade_date,phi
2020-01-02,1.0523
2020-01-03,1.068
2020-01-06,1.0789
2020-01-07,1.0787
2020-01-08,1.0929
2020-01-09,1.1161
2020-01-10,1.1346
2020-01-13,1.1209
2020-01-14,1.0955
2020-01-15,1.0843
2020-01-16,1.0722
2020-01-17,1.0708
2020-01-19,1.086
2020-01-20,1.0814
2020-01-21,1.1151
2020-01-22,1.1087
2020-01-23,1.1399
2020-02-03,1.1303
2020-02-04,1.1046
2020-02-05,1.1161
2020-02-06,1.1148
2020-02-07,1.1414
2020-02-10,1.1219
2020-02-11,1.0502
2020-02-12,1.0528
2020-02-13,1.0494
2020-02-14,0.9949
2020-02-17,0.9702
2020-02-18,0.9968
2020-02-19,0.9592
2020-02-20,0.9382
2020-02-21,0.9765
2020-02-24,0.9885
2020-02-25,0.9588
2020-02-26,0.9835
2020-02-27,0.9958
2020-02-28,1.0089
2020-03-02,0.9738
2020-03-03,0.9839
2020-03-04,1.0587
2020-03-05,1.077
2020-03-06,1.1228
2020-03-09,1.2053
2020-03-10,1.0929
2020-03-11,1.093
2020-03-12,1.0631
2020-03-13,1.0901
2020-03-16,1.1452
2020-03-17,1.1518
2020-03-18,1.1667
2020-03-19,1.1285
2020-03-20,1.1792
2020-03-23,1.2081
2020-03-24,1.2133
2020-03-25,1.2099
2020-03-26,1.2353
2020-03-27,1.2205
2020-03-30,1.2353
2020-03-31,1.2866
2020-04-01,1.3046
2020-04-02,1.2656
2020-04-03,1.2498
2020-04-07,1.2443
2020-04-08,1.247
2020-04-09,1.2091
2020-04-10,1.2071
2020-04-13,1.1816
2020-04-14,1.2183
2020-04-15,1.2169
2020-04-16,1.2748
2020-04-17,1.2535
2020-04-20,1.2542
2020-04-21,1.2597
2020-04-22,1.3021
2020-04-23,1.3435
2020-04-24,1.3571
2020-04-26,1.3468
2020-04-27,1.3482
2020-04-28,1.3746
2020-04-29,1.3897
2020-04-30,1.3815
2020-05-06,1.3388
2020-05-07,1.2836
2020-05-08,1.3163
2020-05-09,1.2928
2020-05-11,1.3094
2020-05-12,1.3528
2020-05-13,1.2955
2020-05-14,1.3052
2020-05-15,1.3273
2020-05-18,1.2937
2020-05-19,1.287
2020-05-20,1.3212
2020-05-21,1.3258
2020-05-22,1.3786
2020-05-25,1.301
2020-05-26,1.2613
2020-05-27,1.2637
2020-05-28,1.3
2020-05-29,1.2948
2020-06-01,1.2871
2020-06-02,1.2574
2020-06-03,1.2641
2020-06-04,1.2241
2020-06-05,1.2036
2020-06-08,1.226
2020-06-09,1.233
2020-06-10,1.206
2020-06-11,1.276
2020-06-12,1.271
2020-06-15,1.2033
2020-06-16,1.1709
2020-06-17,1.1472
2020-06-18,1.1605
2020-06-19,1.1271
2020-06-22,1.1119
2020-06-23,1.1271
2020-06-24,1.1659
2020-06-28,1.1818
2020-06-29,1.1801
2020-06-30,1.2275
2020-07-01,1.1899
2020-07-02,1.1767
2020-07-03,1.1277
2020-07-06,1.0567
2020-07-07,1.0579
2020-07-08,1.0105
2020-07-09,1.0088
2020-07-10,1.0838
2020-07-13,1.0853
2020-07-14,1.1396
2020-07-15,1.1894
2020-07-16,1.2194
2020-07-17,1.2246
2020-07-20,1.2341
2020-07-21,1.2536
2020-07-22,1.2486
2020-07-23,1.2013
2020-07-24,1.2144
2020-07-27,1.1865
2020-07-28,1.1342
2020-07-29,1.1171
2020-07-30,1.1222
2020-07-31,1.0921
2020-08-03,1.1243
2020-08-04,1.1544
2020-08-05,1.1333
2020-08-06,1.1009
2020-08-07,1.1058
2020-08-10,1.1433
2020-08-11,1.1294
2020-08-12,1.1216
2020-08-13,1.1241
2020-08-14,1.1427
2020-08-17,1.1446
2020-08-18,1.1115
2020-08-19,1.1161
2020-08-20,1.1347
2020-08-21,1.1439
2020-08-24,1.1469
2020-08-25,1.1341
2020-08-26,1.1206
2020-08-27,1.1018
2020-08-28,1.0844
2020-08-31,1.1436
2020-09-01,1.1219
2020-09-02,1.0765
2020-09-03,1.0963
2020-09-04,1.0556
2020-09-07,1.0493
2020-09-08,1.0829
2020-09-09,1.1173
2020-09-10,1.1145
2020-09-11,1.0782
2020-09-14,1.0628
2020-09-15,1.0977
2020-09-16,1.0519
2020-09-17,1.0487
2020-09-18,1.0771
2020-09-21,1.1034
2020-09-22,1.1194
2020-09-23,1.1467
2020-09-24,1.1618
2020-09-25,1.1214
2020-09-27,1.138
2020-09-28,1.1699
2020-09-29,1.1489
2020-09-30,1.136
2020-10-09,1.1144
2020-10-10,1.1309
2020-10-12,1.1141
2020-10-13,1.115
2020-10-14,1.1045
2020-10-15,1.084
2020-10-16,1.0972
2020-10-19,1.1238
2020-10-20,1.1234
2020-10-21,1.1283
2020-10-22,1.1188
2020-10-23,1.0905
2020-10-26,1.1045
2020-10-27,1.1355
2020-10-28,1.1154
2020-10-29,1.111
2020-10-30,1.1266
2020-11-02,1.106
2020-11-03,1.0986
2020-11-04,1.0953
2020-11-05,1.0521
2020-11-06,1.0376
2020-11-09,0.9977
2020-11-10,1.0005
2020-11-11,0.991
2020-11-12,0.9938
2020-11-13,1.0319
2020-11-16,1.0506
2020-11-17,1.0531
2020-11-18,1.0353
2020-11-19,1.0164
2020-11-20,1.0773
2020-11-23,1.1073
2020-11-24,1.0989
2020-11-25,1.1114
2020-11-26,1.0836
2020-11-27,1.0594
2020-11-30,1.0857
2020-12-01,1.0391
2020-12-02,1.0177
2020-12-03,1.0123
2020-12-04,1.0189
2020-12-07,1.0053
2020-12-08,1.0194
2020-12-09,0.9967
2020-12-10,1.0002
2020-12-11,0.9544
2020-12-14,0.9705
2020-12-15,0.9717
2020-12-16,0.9702
2020-12-17,0.9758
2020-12-18,0.9558
2020-12-21,0.9676
2020-12-22,0.9701
2020-12-23,0.9543
2020-12-24,0.9418
2020-12-25,0.9743
2020-12-28,0.9842
2020-12-29,0.9568
2020-12-30,0.9818
2020-12-31,0.9625
2021-01-04,0.9372
2021-01-05,0.9922
2021-01-06,0.9947
2021-01-07,0.9827
2021-01-08,0.9451
2021-01-11,0.9175
2021-01-12,0.9258
2021-01-13,0.9409
2021-01-14,0.9357
2021-01-15,0.8882
2021-01-18,0.8832
2021-01-19,0.8995
2021-01-20,0.9088
2021-01-21,0.9404
2021-01-22,0.9381
2021-01-25,0.9199
2021-01-26,0.9433
2021-01-27,0.9535
2021-01-28,0.9393
2021-01-29,0.9698
2021-02-01,0.9753
2021-02-02,0.9381
2021-02-03,0.9242
2021-02-04,0.9212
2021-02-05,0.9516
2021-02-07,0.9513
2021-02-08,0.9345
2021-02-09,0.9364
2021-02-10,0.9171
2021-02-18,0.8938
2021-02-19,0.9212
2021-02-20,0.9188
2021-02-22,0.9057
2021-02-23,0.9059
2021-02-24,0.907
2021-02-25,0.8973
2021-02-26,0.8963
2021-03-01,0.92
2021-03-02,0.9204
2021-03-03,0.9127
2021-03-04,0.9083
2021-03-05,0.9003
2021-03-08,0.9172
2021-03-09,0.8998
2021-03-10,0.8988
2021-03-11,0.8841
2021-03-12,0.8756
2021-03-15,0.8613
2021-03-16,0.8694
2021-03-17,0.881
2021-03-18,0.8715
2021-03-19,0.8826
2021-03-22,0.8882
2021-03-23,0.9086
2021-03-24,0.9162
2021-03-25,0.9213
2021-03-26,0.9159
2021-03-29,0.9133
2021-03-30,0.9045
2021-03-31,0.9107
2021-04-01,0.9035
2021-04-02,0.8882
2021-04-06,0.8822
2021-04-07,0.8719
2021-04-08,0.8663
2021-04-09,0.866
2021-04-12,0.8834
2021-04-13,0.9103
2021-04-14,0.9078
2021-04-15,0.9102
2021-04-16,0.9195
2021-04-19,0.9221
2021-04-20,0.9176
2021-04-21,0.9101
2021-04-22,0.8917
2021-04-23,0.8809
2021-04-25,0.8617
2021-04-26,0.8472
2021-04-27,0.8618
2021-04-28,0.8699
2021-04-29,0.8828
2021-04-30,0.8932
2021-05-06,0.8966
2021-05-07,0.8899
2021-05-08,0.8906
2021-05-10,0.9095
2021-05-11,0.9173
2021-05-12,0.9143
2021-05-13,0.9036
2021-05-14,0.8909
2021-05-17,0.8897
2021-05-18,0.9041
2021-05-19,0.921
2021-05-20,0.9406
2021-05-21,0.9383
2021-05-24,0.9347
2021-05-25,0.937
2021-05-26,0.9651
2021-05-27,0.9586
2021-05-28,0.9469
2021-05-31,0.9919
2021-06-01,0.9969
2021-06-02,0.9697
2021-06-03,0.9814
2021-06-04,0.944
2021-06-07,0.9417
2021-06-08,0.9418
2021-06-09,0.9558
2021-06-10,0.9702
2021-06-11,0.9538
2021-06-15,0.9588
2021-06-16,0.944
2021-06-17,0.9267
2021-06-18,0.9487
2021-06-21,0.9636
2021-06-22,0.9773
2021-06-23,0.9697
2021-06-24,0.971
2021-06-25,0.9631
2021-06-28,0.938
2021-06-29,0.933
2021-06-30,0.9314
2021-07-01,0.916
2021-07-02,0.9241
2021-07-05,0.9024
2021-07-06,0.8824
2021-07-07,0.9052
2021-07-08,0.9363
2021-07-09,0.9101
2021-07-12,0.9649
2021-07-13,0.9661
2021-07-14,0.9209
2021-07-15,0.8781
2021-07-16,0.8696
2021-07-19,0.8502
2021-07-20,0.8746
2021-07-21,0.8604
2021-07-22,0.842
2021-07-23,0.8584
2021-07-26,0.8974
2021-07-27,0.8395
2021-07-28,0.8195
2021-07-29,0.8593
2021-07-30,0.8895
2021-08-02,0.8821
2021-08-03,0.8531
2021-08-04,0.8628
2021-08-05,0.9036
2021-08-06,0.8782
2021-08-09,0.8438
2021-08-10,0.8589
2021-08-11,0.857
2021-08-12,0.8847
2021-08-13,0.8724
2021-08-16,0.8748
2021-08-17,0.8858
2021-08-18,0.8918
2021-08-19,0.8979
2021-08-20,0.8798
2021-08-23,0.8701
2021-08-24,0.8849
2021-08-25,0.8759
2021-08-26,0.8696
2021-08-27,0.8987
2021-08-30,0.9216
2021-08-31,0.9324
2021-09-01,0.9549
2021-09-02,0.9503
2021-09-03,0.9389
2021-09-06,0.9312
2021-09-07,0.9124
2021-09-08,0.9009
2021-09-09,0.8984
2021-09-10,0.9116
2021-09-13,0.8865
2021-09-14,0.8968
2021-09-15,0.8818
2021-09-16,0.8937
2021-09-17,0.9101
2021-09-18,0.9125
2021-09-22,0.9337
2021-09-23,0.9397
2021-09-24,0.9339
2021-09-26,0.9282
2021-09-27,0.9365
2021-09-28,0.9364
2021-09-29,0.9701
2021-09-30,0.9615
2021-10-08,0.9262
2021-10-09,0.9092
2021-10-11,0.8903
2021-10-12,0.905
2021-10-13,0.9285
2021-10-14,0.9092
2021-10-15,0.914
2021-10-18,0.8584
2021-10-19,0.8944
2021-10-20,0.9333
2021-10-21,0.9481
2021-10-22,0.9076
2021-10-25,0.9142
2021-10-26,0.9192
2021-10-27,0.9053
2021-10-28,0.8996
2021-10-29,0.8697
2021-11-01,0.8897
2021-11-02,0.8875
2021-11-03,0.8608
2021-11-04,0.854
2021-11-05,0.8686
2021-11-08,0.8496
2021-11-09,0.8634
2021-11-10,0.8484
2021-11-11,0.841
2021-11-12,0.8368
2021-11-15,0.8449
2021-11-16,0.8576
2021-11-17,0.8498
2021-11-18,0.8542
2021-11-19,0.8286
2021-11-22,0.8766
2021-11-23,0.8718
2021-11-24,0.8965
2021-11-25,0.9002
2021-11-26,0.9275
2021-11-29,0.9352
2021-11-30,0.9336
2021-12-01,0.9085
2021-12-02,0.8868
2021-12-03,0.8769
2021-12-06,0.907
2021-12-07,0.8632
2021-12-08,0.8583
2021-12-09,0.8546
2021-12-10,0.8671
2021-12-13,0.8641
2021-12-14,0.8767
2021-12-15,0.8715
2021-12-16,0.8641
2021-12-17,0.8694
2021-12-20,0.8653
2021-12-21,0.8743
2021-12-22,0.8974
2021-12-23,0.9154
2021-12-24,0.894
2021-12-27,0.8965
2021-12-28,0.9039
2021-12-29,0.8898
2021-12-30,0.9013
2021-12-31,0.8864
2022-01-04,0.8763
2022-01-05,0.8592
2022-01-06,0.8423
2022-01-07,0.8467
2022-01-10,0.8572
2022-01-11,0.8528
2022-01-12,0.8433
2022-01-13,0.8578
2022-01-14,0.8556
2022-01-17,0.8482
2022-01-18,0.8827
2022-01-19,0.85
2022-01-20,0.8515
2022-01-21,0.8703
2022-01-24,0.9104
2022-01-25,0.8861
2022-01-26,0.8736
2022-01-27,0.9079
2022-01-28,0.9306
2022-01-29,0.9214
2022-01-30,0.9094
2022-02-07,0.8856
2022-02-08,0.8915
2022-02-09,0.8789
2022-02-10,0.8841
2022-02-11,0.8828
2022-02-14,0.8761
2022-02-15,0.9009
2022-02-16,0.9085
2022-02-17,0.9277
2022-02-18,0.9105
2022-02-21,0.8882
2022-02-22,0.9085
2022-02-23,0.9561
2022-02-24,0.9668
2022-02-25,0.9693
2022-02-28,0.9737
2022-03-01,0.9467
2022-03-02,0.9235
2022-03-03,0.9419
2022-03-04,0.9774
2022-03-07,0.9935
2022-03-08,0.9672
2022-03-09,0.9609
2022-03-10,0.9533
2022-03-11,1.0126
2022-03-14,1.0031
2022-03-15,0.9606
2022-03-16,0.998
2022-03-17,1.0083
2022-03-18,0.9793
2022-03-21,0.9704
2022-03-22,0.9632
2022-03-23,0.9661
2022-03-24,0.9952
2022-03-25,1.0043
2022-03-28,1.0184
2022-03-29,1.0235
2022-03-30,1.0385
2022-03-31,1.0096
2022-04-01,1.0171
2022-04-02,1.01
2022-04-06,1.0152
2022-04-07,1.0362
2022-04-08,0.996
2022-04-11,0.9778
2022-04-12,0.98
2022-04-13,0.9923
2022-04-14,0.9605
2022-04-15,0.9669
2022-04-18,0.9202
2022-04-19,0.9124
2022-04-20,0.9102
2022-04-21,0.9225
2022-04-22,0.9128
2022-04-24,0.9281
2022-04-25,0.9398
2022-04-26,0.9315
2022-04-27,0.9068
2022-04-28,0.8993
2022-04-29,0.9122
2022-05-05,0.9234
2022-05-06,0.9171
2022-05-07,0.9157
2022-05-09,0.9195
2022-05-10,0.9135
2022-05-11,0.894
2022-05-12,0.8974
2022-05-13,0.8685
2022-05-16,0.861
2022-05-17,0.8647
2022-05-18,0.8768
2022-05-19,0.8626
2022-05-20,0.8324
2022-05-23,0.8321
2022-05-24,0.8438
2022-05-25,0.847
2022-05-26,0.8771
2022-05-27,0.8774
2022-05-30,0.8625
2022-05-31,0.8424
2022-06-01,0.8424
2022-06-02,0.8374
2022-06-06,0.8399
2022-06-07,0.8441
2022-06-08,0.8333
2022-06-09,0.8294
2022-06-10,0.815
2022-06-13,0.8184
2022-06-14,0.8024
2022-06-15,0.7851
2022-06-16,0.785
2022-06-17,0.7917
2022-06-20,0.7816
2022-06-21,0.7759
2022-06-22,0.7757
2022-06-23,0.7757
2022-06-24,0.7658
2022-06-27,0.744
2022-06-28,0.7456
2022-06-29,0.7662
2022-06-30,0.7792
2022-07-01,0.775
2022-07-04,0.776
2022-07-05,0.7858
2022-07-06,0.7836
2022-07-07,0.7836
2022-07-08,0.7785
2022-07-11,0.7903
2022-07-12,0.8082
2022-07-13,0.8137
2022-07-14,0.8336
2022-07-15,0.8406
2022-07-18,0.8417
2022-07-19,0.8431
2022-07-20,0.8586
2022-07-21,0.8725
2022-07-22,0.841
2022-07-25,0.8466
2022-07-26,0.8505
2022-07-27,0.8488
2022-07-28,0.835
2022-07-29,0.864
2022-08-01,0.8624
2022-08-02,0.8603
2022-08-03,0.8602
2022-08-04,0.8278
2022-08-05,0.8235
2022-08-08,0.8177
2022-08-09,0.839
2022-08-10,0.843
2022-08-11,0.8483
2022-08-12,0.8403
2022-08-15,0.8905
2022-08-16,0.8668
2022-08-17,0.884
2022-08-18,0.8928
2022-08-19,0.8794
2022-08-22,0.864
2022-08-23,0.8545
2022-08-24,0.8507
2022-08-25,0.8186
2022-08-26,0.8297
2022-08-29,0.8598
2022-08-30,0.8687
2022-08-31,0.8561
2022-09-01,0.8552
2022-09-02,0.8501
2022-09-05,0.8549
2022-09-06,0.8685
2022-09-07,0.8545
2022-09-08,0.8423
2022-09-09,0.818
2022-09-13,0.8103
2022-09-14,0.7805
2022-09-15,0.7781
2022-09-16,0.7768
2022-09-19,0.7819
2022-09-20,0.7856
2022-09-21,0.7924
2022-09-22,0.7775
2022-09-23,0.7379
2022-09-26,0.7045
2022-09-27,0.7173
2022-09-28,0.684
2022-09-29,0.6706
2022-09-30,0.6596
2022-10-08,0.6521
2022-10-09,0.6695
2022-10-10,0.6745
2022-10-11,0.667
2022-10-12,0.6602
2022-10-13,0.6495
2022-10-14,0.6607
2022-10-17,0.647
2022-10-18,0.6456
2022-10-19,0.6264
2022-10-20,0.6093
2022-10-21,0.599
2022-10-24,0.6149
2022-10-25,0.6053
2022-10-26,0.6296
2022-10-27,0.6265
2022-10-28,0.6571
2022-10-31,0.6742
2022-11-01,0.6547
2022-11-02,0.6434
2022-11-03,0.6478
2022-11-04,0.6233
2022-11-07,0.6214
2022-11-08,0.6429
2022-11-09,0.634
2022-11-10,0.6367
2022-11-11,0.6271
2022-11-14,0.6271
2022-11-15,0.6619
2022-11-16,0.6762
2022-11-17,0.7038
2022-11-18,0.6814
2022-11-21,0.6884
2022-11-22,0.684
2022-11-23,0.7114
2022-11-24,0.7139
2022-11-25,0.6842
2022-11-28,0.6647
2022-11-29,0.6649
2022-11-30,0.6691
2022-12-01,0.6853
2022-12-02,0.6824
2022-12-05,0.6643
2022-12-06,0.667
2022-12-07,0.752
2022-12-08,0.7489
2022-12-09,0.7495
2022-12-12,0.7879
2022-12-13,0.8129
2022-12-14,0.8526
2022-12-15,0.8375
2022-12-16,0.8348
2022-12-19,0.8506
2022-12-20,0.8411
2022-12-21,0.8545
2022-12-22,0.8603
2022-12-23,0.8855
2022-12-26,0.8712
2022-12-27,0.8424
2022-12-28,0.8578
2022-12-29,0.8591
2022-12-30,0.8643
2022-12-31,0.8643
2023-01-03,0.8653
2023-01-04,0.8559
2023-01-05,0.8157
2023-01-06,0.8183
2023-01-09,0.8091
2023-01-10,0.789
2023-01-11,0.7939
2023-01-12,0.7764
2023-01-13,0.7646
2023-01-16,0.7624
2023-01-17,0.7874
2023-01-18,0.7776
2023-01-19,0.7907
2023-01-20,0.7766
2023-01-28,0.7756
2023-01-29,0.7866
2023-01-30,0.7916
2023-01-31,0.8075
2023-02-01,0.7885
2023-02-02,0.8052
2023-02-03,0.7987
2023-02-06,0.7797
2023-02-07,0.7771
2023-02-08,0.7734
2023-02-09,0.7701
2023-02-10,0.7611
2023-02-13,0.7503
2023-02-14,0.7492
2023-02-15,0.7394
2023-02-16,0.7373
2023-02-17,0.7309
2023-02-20,0.7115
2023-02-21,0.7211
2023-02-22,0.7117
2023-02-23,0.6973
2023-02-24,0.7109
2023-02-27,0.7218
2023-02-28,0.724
2023-03-01,0.7133
2023-03-02,0.7024
2023-03-03,0.7109
2023-03-06,0.726
2023-03-07,0.7365
2023-03-08,0.7267
2023-03-09,0.7243
2023-03-10,0.7268
2023-03-13,0.7214
2023-03-14,0.7257
2023-03-15,0.7212
2023-03-16,0.7145
2023-03-17,0.6903
2023-03-20,0.6996
2023-03-21,0.6868
2023-03-22,0.6867
2023-03-23,0.6856
2023-03-24,0.6883
2023-03-27,0.7058
2023-03-28,0.7107
2023-03-29,0.6978
2023-03-30,0.6816
2023-03-31,0.69
2023-04-03,0.6829
2023-04-04,0.6786
2023-04-06,0.6729
2023-04-07,0.6871
2023-04-10,0.687
2023-04-11,0.7099
2023-04-12,0.7132
2023-04-13,0.6943
2023-04-14,0.6783
2023-04-17,0.663
2023-04-18,0.661
2023-04-19,0.658
2023-04-20,0.6526
2023-04-21,0.6563
2023-04-23,0.6602
2023-04-24,0.6549
2023-04-25,0.6569
2023-04-26,0.6668
2023-04-27,0.6874
2023-04-28,0.6922
2023-05-04,0.7003
2023-05-05,0.7088
2023-05-06,0.702
2023-05-08,0.6653
2023-05-09,0.6749
2023-05-10,0.6866
2023-05-11,0.6872
2023-05-12,0.6699
2023-05-15,0.6469
2023-05-16,0.6528
2023-05-17,0.6471
2023-05-18,0.6597
2023-05-19,0.6639
2023-05-22,0.6552
2023-05-23,0.6522
2023-05-24,0.645
2023-05-25,0.636
2023-05-26,0.6203
2023-05-29,0.633
2023-05-30,0.6231
2023-05-31,0.633
2023-06-01,0.6304
2023-06-02,0.6202
2023-06-05,0.6203
2023-06-06,0.6303
2023-06-07,0.6357
2023-06-08,0.6337
2023-06-09,0.6457
2023-06-12,0.6534
2023-06-13,0.6764
2023-06-14,0.6579
2023-06-15,0.6281
2023-06-16,0.6207
2023-06-19,0.6036
2023-06-20,0.616
2023-06-21,0.6253
2023-06-25,0.6349
2023-06-26,0.6166
2023-06-27,0.6339
2023-06-28,0.6304
2023-06-29,0.6415
2023-06-30,0.657
2023-07-03,0.6485
2023-07-04,0.6385
2023-07-05,0.6548
2023-07-06,0.6555
2023-07-07,0.6526
2023-07-10,0.6502
2023-07-11,0.6353
2023-07-12,0.6438
2023-07-13,0.6351
2023-07-14,0.6247
2023-07-17,0.6348
2023-07-18,0.6369
2023-07-19,0.637
2023-07-20,0.6305
2023-07-21,0.639
2023-07-24,0.651
2023-07-25,0.6123
2023-07-26,0.6323
2023-07-27,0.6234
2023-07-28,0.6155
2023-07-31,0.6037
2023-08-01,0.6077
2023-08-02,0.6054
2023-08-03,0.5884
2023-08-04,0.5652
2023-08-07,0.5729
2023-08-08,0.5614
2023-08-09,0.5528
2023-08-10,0.5441
2023-08-11,0.5535
2023-08-14,0.564
2023-08-15,0.5743
2023-08-16,0.5765
2023-08-17,0.5472
2023-08-18,0.5361
2023-08-21,0.5347
2023-08-22,0.5286
2023-08-23,0.5363
2023-08-24,0.5448
2023-08-25,0.5364
2023-08-28,0.5428
2023-08-29,0.5548
2023-08-30,0.555
2023-08-31,0.5529
2023-09-01,0.5353
2023-09-04,0.5379
2023-09-05,0.5405
2023-09-06,0.5282
2023-09-07,0.5606
2023-09-08,0.5822
2023-09-11,0.611
2023-09-12,0.5892
2023-09-13,0.5846
2023-09-14,0.5828
2023-09-15,0.5502
2023-09-18,0.5601
2023-09-19,0.548
2023-09-20,0.5555
2023-09-21,0.5574
2023-09-22,0.5374
2023-09-25,0.5241
2023-09-26,0.5369
2023-09-27,0.558
2023-09-28,0.5658
2023-10-07,0.5789
2023-10-08,0.5834
2023-10-09,0.5748
2023-10-10,0.5739
2023-10-11,0.5877
2023-10-12,0.6216
2023-10-13,0.6514
2023-10-16,0.6512
2023-10-17,0.6409
2023-10-18,0.6289
2023-10-19,0.6214
2023-10-20,0.6337
2023-10-23,0.6393
2023-10-24,0.6263
2023-10-25,0.6416
2023-10-26,0.6299
2023-10-27,0.6268
2023-10-30,0.6033
2023-10-31,0.6022
2023-11-01,0.6144
2023-11-02,0.6244
2023-11-03,0.6188
2023-11-06,0.6098
2023-11-07,0.5799
2023-11-08,0.598
2023-11-09,0.595
2023-11-10,0.5999
2023-11-13,0.5933
2023-11-14,0.5761
2023-11-15,0.5622
2023-11-16,0.5376
2023-11-17,0.5238
2023-11-20,0.5207
2023-11-21,0.4987
2023-11-22,0.4854
2023-11-23,0.4745
2023-11-24,0.4626
2023-11-27,0.4576
2023-11-28,0.4784
2023-11-29,0.4904
2023-11-30,0.5129
2023-12-01,0.5183
2023-12-04,0.5084
2023-12-05,0.5207
2023-12-06,0.5077
2023-12-07,0.5169
2023-12-08,0.5319
2023-12-11,0.5415
2023-12-12,0.5342
2023-12-13,0.5422
2023-12-14,0.5086
2023-12-15,0.506
2023-12-18,0.4937
2023-12-19,0.4823
2023-12-20,0.4748
2023-12-21,0.5019
2023-12-22,0.4943
2023-12-25,0.5122
2023-12-26,0.5033
2023-12-27,0.5184
2023-12-28,0.5021
2023-12-29,0.5018
2023-12-31,0.5018
2024-01-02,0.4881
2024-01-03,0.4836
2024-01-04,0.4949
2024-01-05,0.5156
2024-01-08,0.4991
2024-01-09,0.5038
2024-01-10,0.4943
2024-01-11,0.4914
2024-01-12,0.4784
2024-01-15,0.4696
2024-01-16,0.4556
2024-01-17,0.4666
2024-01-18,0.4505
2024-01-19,0.437
2024-01-22,0.4208
2024-01-23,0.4058
2024-01-24,0.3909
2024-01-25,0.3922
2024-01-26,0.3907
2024-01-29,0.3761
2024-01-30,0.3994
2024-01-31,0.3745
2024-02-01,0.3646
2024-02-02,0.3707
2024-02-04,0.3696
2024-02-05,0.3648
2024-02-06,0.338
2024-02-07,0.3664
2024-02-08,0.3421
2024-02-09,0.3497
2024-02-18,0.3406
2024-02-19,0.3568
2024-02-20,0.3675
2024-02-21,0.3592
2024-02-22,0.3668
2024-02-23,0.3592
2024-02-26,0.3711
2024-02-27,0.3691
2024-02-28,0.4127
2024-02-29,0.4026
2024-03-01,0.3746
2024-03-04,0.3878
2024-03-05,0.4241
2024-03-06,0.4651
2024-03-07,0.4528
2024-03-08,0.4431
2024-03-11,0.4207
2024-03-12,0.3933
2024-03-13,0.4181
2024-03-14,0.4102
2024-03-15,0.4354
2024-03-18,0.4627
2024-03-19,0.4754
2024-03-20,0.4555
2024-03-21,0.4579
2024-03-22,0.4406
2024-03-25,0.4382
2024-03-26,0.4325
2024-03-27,0.4674
2024-03-28,0.4549
2024-03-29,0.4699
2024-04-01,0.4542
2024-04-02,0.4625
2024-04-03,0.4667
2024-04-07,0.4559
2024-04-08,0.4489
2024-04-09,0.4302
2024-04-10,0.4029
2024-04-11,0.3973
2024-04-12,0.3867
2024-04-15,0.4005
2024-04-16,0.4039
2024-04-17,0.3992
2024-04-18,0.3913
2024-04-19,0.356
2024-04-22,0.3265
2024-04-23,0.3041
2024-04-24,0.2977
2024-04-25,0.3399
2024-04-26,0.3421
2024-04-28,0.3513
2024-04-29,0.3679
2024-04-30,0.3979
2024-05-06,0.3935
2024-05-07,0.3809
2024-05-08,0.3596
2024-05-09,0.353
2024-05-10,0.3597
2024-05-11,0.3564
2024-05-13,0.3792
2024-05-14,0.3539
2024-05-15,0.3701
2024-05-16,0.3799
2024-05-17,0.4053
2024-05-20,0.4021
2024-05-21,0.3962
2024-05-22,0.3904
2024-05-23,0.374
2024-05-24,0.3696
2024-05-27,0.3675
2024-05-28,0.3588
2024-05-29,0.3583
2024-05-30,0.3388
2024-05-31,0.3284
2024-06-03,0.3259
2024-06-04,0.3159
2024-06-05,0.321
2024-06-06,0.3069
2024-06-07,0.3109
2024-06-11,0.301
2024-06-12,0.2959
2024-06-13,0.304
2024-06-14,0.3106
2024-06-17,0.2957
2024-06-18,0.281
2024-06-19,0.2802
2024-06-20,0.2672
2024-06-21,0.268
2024-06-24,0.2758
2024-06-25,0.2658
2024-06-26,0.2789
2024-06-27,0.2726
2024-06-28,0.2684
2024-07-01,0.2441
2024-07-02,0.2493
2024-07-03,0.2364
2024-07-04,0.2169
2024-07-05,0.2086
2024-07-08,0.2203
2024-07-09,0.2306
2024-07-10,0.229
2024-07-11,0.2356
2024-07-12,0.2301
2024-07-15,0.2267
2024-07-16,0.2205
2024-07-17,0.2108
2024-07-18,0.2095
2024-07-19,0.2109
2024-07-22,0.205
2024-07-23,0.1992
2024-07-24,0.1808
2024-07-25,0.1796
2024-07-26,0.177
2024-07-29,0.1795
2024-07-30,0.1657
2024-07-31,0.1512
2024-08-01,0.157
2024-08-02,0.1488
2024-08-05,0.1232
2024-08-06,0.1326
2024-08-07,0.1345
2024-08-08,0.1184
2024-08-09,0.1241
2024-08-12,0.1314
2024-08-13,0.1557
2024-08-14,0.148
2024-08-15,0.1455
2024-08-16,0.1517
2024-08-19,0.1725
2024-08-20,0.2094
2024-08-21,0.2391
2024-08-22,0.2473
2024-08-23,0.2707
2024-08-26,0.288
2024-08-27,0.3161
2024-08-28,0.323
2024-08-29,0.3101
2024-08-30,0.3098
2024-09-02,0.3243
2024-09-03,0.3168
2024-09-04,0.3056
2024-09-05,0.2753
2024-09-06,0.2632
2024-09-09,0.2646
2024-09-10,0.2619
2024-09-11,0.2609
2024-09-12,0.2505
2024-09-13,0.2626
2024-09-14,0.2774
2024-09-18,0.2647
2024-09-19,0.26
2024-09-20,0.2686
2024-09-23,0.2619
2024-09-24,0.2408
2024-09-25,0.2626
2024-09-26,0.2479
2024-09-27,0.2486
2024-09-29,0.2829
2024-09-30,0.3907
2024-10-08,0.4406
2024-10-09,0.5067
2024-10-10,0.5064
2024-10-11,0.4432
2024-10-12,0.4086
2024-10-14,0.3781
2024-10-15,0.3603
2024-10-16,0.3415
2024-10-17,0.3597
2024-10-18,0.3447
2024-10-21,0.3409
2024-10-22,0.3414
2024-10-23,0.367
2024-10-24,0.3686
2024-10-25,0.4033
2024-10-28,0.4163
2024-10-29,0.4312
2024-10-30,0.433
2024-10-31,0.4426
2024-11-01,0.4235
2024-11-04,0.4345
2024-11-05,0.4468
2024-11-06,0.413
2024-11-07,0.4039
2024-11-08,0.3987
2024-11-11,0.4083
2024-11-12,0.4074
2024-11-13,0.3727
2024-11-14,0.3745
2024-11-15,0.3453
2024-11-18,0.3288
2024-11-19,0.3456
2024-11-20,0.3376
2024-11-21,0.3458
2024-11-22,0.3437
2024-11-25,0.3469
2024-11-26,0.3444
2024-11-27,0.3448
2024-11-28,0.3497
2024-11-29,0.3345
2024-12-02,0.322
2024-12-03,0.3267
2024-12-04,0.3339
2024-12-05,0.3341
2024-12-06,0.3213
2024-12-09,0.3535
2024-12-10,0.3685
2024-12-11,0.3882
2024-12-12,0.3828
2024-12-13,0.393
2024-12-16,0.4137
2024-12-17,0.4171
2024-12-18,0.3887
2024-12-19,0.4163
2024-12-20,0.4382
2024-12-23,0.4381
2024-12-24,0.4342
2024-12-25,0.4143
2024-12-26,0.4382
2024-12-27,0.4406
2024-12-30,0.4253
2024-12-31,0.4397
2025-01-02,0.4497
2025-01-03,0.4196
2025-01-06,0.4184
2025-01-07,0.396
2025-01-08,0.3937
2025-01-09,0.3852
2025-01-10,0.3978
2025-01-13,0.3909
2025-01-14,0.4057
2025-01-15,0.3974
2025-01-16,0.3908
2025-01-17,0.3709
2025-01-20,0.3563
2025-01-21,0.3707
2025-01-22,0.3553
2025-01-23,0.3559
2025-01-24,0.3639
2025-01-26,0.3633
2025-01-27,0.3806
2025-02-05,0.391
2025-02-06,0.4061
2025-02-07,0.3984
2025-02-08,0.399
2025-02-10,0.3616
2025-02-11,0.3841
2025-02-12,0.3774
2025-02-13,0.3675
2025-02-14,0.3487
2025-02-17,0.3269
2025-02-18,0.3394
2025-02-19,0.388
2025-02-20,0.3827
2025-02-21,0.3868
2025-02-24,0.382
2025-02-25,0.4325
2025-02-26,0.4382
2025-02-27,0.4277
2025-02-28,0.4956
2025-03-03,0.5147
2025-03-04,0.4961
2025-03-05,0.5019
2025-03-06,0.4828
2025-03-07,0.4771
2025-03-10,0.4791
2025-03-11,0.4635
2025-03-12,0.5229
2025-03-13,0.4978
2025-03-14,0.5183
2025-03-17,0.4943
2025-03-18,0.5065
2025-03-19,0.5145
2025-03-20,0.5214
2025-03-21,0.4859
2025-03-24,0.4847
2025-03-25,0.4775
2025-03-26,0.4819
2025-03-27,0.4538
2025-03-28,0.4346
2025-03-31,0.4297
2025-04-01,0.4321
2025-04-02,0.4413
2025-04-03,0.462
2025-04-07,0.4682
2025-04-08,0.4567
2025-04-09,0.4684
2025-04-10,0.4756
2025-04-11,0.472
2025-04-14,0.4764
2025-04-15,0.4748
2025-04-16,0.4956
2025-04-17,0.5078
2025-04-18,0.5207
2025-04-21,0.5198
2025-04-22,0.5441
2025-04-23,0.5539
2025-04-24,0.556
2025-04-25,0.5594
2025-04-27,0.5596
2025-04-28,0.5717
2025-04-29,0.581
2025-04-30,0.5608
2025-05-06,0.5455
2025-05-07,0.5395
2025-05-08,0.5348
2025-05-09,0.5202
2025-05-12,0.4795
2025-05-13,0.4988
2025-05-14,0.4975
2025-05-15,0.4903
2025-05-16,0.5056
2025-05-19,0.4757
2025-05-20,0.4574
2025-05-21,0.44
2025-05-22,0.4214
2025-05-23,0.4192
2025-05-26,0.4099
2025-05-27,0.4039
2025-05-28,0.4468
2025-05-29,0.4673
2025-05-30,0.4688
2025-06-03,0.4636
2025-06-04,0.4696
2025-06-05,0.4659
2025-06-06,0.4703
2025-06-09,0.4649
2025-06-10,0.4587
2025-06-11,0.4732
2025-06-12,0.4526
2025-06-13,0.4563
2025-06-16,0.4521
2025-06-17,0.4538
2025-06-18,0.4518
2025-06-19,0.423
2025-06-20,0.4208
2025-06-23,0.4143
2025-06-24,0.4139
2025-06-25,0.426
2025-06-26,0.446
2025-06-27,0.4394
2025-06-30,0.4441
2025-07-01,0.4358
2025-07-02,0.4204
2025-07-03,0.4145
2025-07-04,0.4005
2025-07-07,0.4018
2025-07-08,0.4092
2025-07-09,0.4204
2025-07-10,0.4084
2025-07-11,0.4047
2025-07-14,0.4074
2025-07-15,0.4193
2025-07-16,0.4083
2025-07-17,0.397
2025-07-18,0.3949
2025-07-21,0.3976
2025-07-22,0.3979
2025-07-23,0.4192
2025-07-24,0.4274
2025-07-25,0.4476
2025-07-28,0.4454
2025-07-29,0.4438
2025-07-30,0.452
2025-07-31,0.4356
2025-08-01,0.4341
2025-08-04,0.4417
2025-08-05,0.4439
2025-08-06,0.4501
2025-08-07,0.4606
2025-08-08,0.4609
2025-08-11,0.4497
2025-08-12,0.4529
2025-08-13,0.4588
2025-08-14,0.4659
2025-08-15,0.4635
2025-08-18,0.4728
2025-08-19,0.4975
2025-08-20,0.493
2025-08-21,0.5033
2025-08-22,0.4882
2025-08-25,0.5057
2025-08-26,0.5102
2025-08-27,0.4713
2025-08-28,0.4323
2025-08-29,0.4436
2025-09-01,0.4613
2025-09-02,0.4645
2025-09-03,0.4851
2025-09-04,0.4646
2025-09-05,0.4695
2025-09-08,0.4745
2025-09-09,0.4638
2025-09-10,0.4616
2025-09-11,0.5063
2025-09-12,0.5138
2025-09-15,0.5187
2025-09-16,0.5349
2025-09-17,0.5652
2025-09-18,0.5483
2025-09-19,0.5283
2025-09-22,0.5556
2025-09-23,0.5586
2025-09-24,0.565
2025-09-25,0.6211
2025-09-26,0.6436
2025-09-28,0.6475
2025-09-29,0.6344
2025-09-30,0.648
2025-10-09,0.6442
2025-10-10,0.6451
2025-10-11,0.6639
2025-10-13,0.6475
2025-10-14,0.6568
2025-10-15,0.6582
2025-10-16,0.643
2025-10-17,0.6291
2025-10-20,0.5907
2025-10-21,0.5968
2025-10-22,0.5883
2025-10-23,0.5614
2025-10-24,0.5474
2025-10-27,0.5508
2025-10-28,0.5479
2025-10-29,0.5401
2025-10-30,0.5392
2025-10-31,0.5356
2025-11-03,0.5366
2025-11-04,0.528
2025-11-05,0.5188
2025-11-06,0.5288
2025-11-07,0.5269
2025-11-10,0.5407
2025-11-11,0.5442
2025-11-12,0.5448
2025-11-13,0.5388
2025-11-14,0.5424
2025-11-17,0.5411
2025-11-18,0.5398
2025-11-19,0.5342
2025-11-20,0.5435
2025-11-21,0.5455
2025-11-24,0.5443
2025-11-25,0.5403
2025-11-26,0.564
2025-11-27,0.5583
2025-11-28,0.5594
2025-12-01,0.5584
2025-12-02,0.5595
2025-12-03,0.5528
2025-12-04,0.5629
2025-12-05,0.5944
2025-12-08,0.602
2025-12-09,0.607
2025-12-10,0.5861
2025-12-11,0.5701
2025-12-12,0.5971
2025-12-15,0.6116
2025-12-16,0.6188
2025-12-17,0.6276
2025-12-18,0.6151
2025-12-19,0.6149
2025-12-22,0.6193
2025-12-23,0.6156
2025-12-24,0.611
2025-12-25,0.6026
2025-12-26,0.586
2025-12-29,0.5868
2025-12-30,0.5858
2025-12-31,0.5964
2026-01-04,0.5995
2026-01-05,0.594
2026-01-06,0.5748
2026-01-07,0.551
2026-01-08,0.5537
2026-01-09,0.5548
2026-01-12,0.567
2026-01-13,0.5662
2026-01-14,0.5605
2026-01-15,0.5394
2026-01-16,0.5374
2026-01-19,0.5245
2026-01-20,0.5147
2026-01-21,0.5005
2026-01-22,0.4927
2026-01-23,0.5037
2026-01-26,0.5077
2026-01-27,0.5036
2026-01-28,0.5235
2026-01-29,0.5173
2026-01-30,0.5285
2026-02-02,0.5223
2026-02-03,0.5298
2026-02-04,0.5323
2026-02-05,0.5333
2026-02-06,0.5297
2026-02-09,0.5162
2026-02-10,0.5064
2026-02-11,0.5015
2026-02-12,0.4996
2026-02-13,0.4856
2026-02-14,0.4885
2026-02-24,0.4824
2026-02-25,0.4806
2026-02-26,0.4924
2026-02-27,0.5334
2026-02-28,0.5465
2026-03-02,0.5337
2026-03-03,0.5191
2026-03-04,0.5044
2026-03-05,0.4958
2026-03-06,0.4944
2026-03-09,0.4807
2026-03-10,0.4879
2026-03-11,0.4937
2026-03-12,0.5005
2026-03-13,0.4851
2026-03-16,0.4711
2026-03-17,0.4726
2026-03-18,0.491
2026-03-19,0.4864
2026-03-20,0.4816
2026-03-23,0.4854
2026-03-24,0.4915
2026-03-25,0.4669
2026-03-26,0.4609
2026-03-27,0.4506
2026-03-30,0.444
2026-03-31,0.4333
2026-04-01,0.4261
2026-04-02,0.4298
2026-04-03,0.4261
2026-04-07,0.4189
2026-04-08,0.4153
2026-04-09,0.3997
2026-04-10,0.394
2026-04-13,0.4084
2026-04-14,0.3978
2026-04-15,0.4034
2026-04-16,0.4003
2026-04-17,0.4138
2026-04-20,0.402
2026-04-21,0.4065
2026-04-22,0.4086
2026-04-23,0.3965
2026-04-24,0.4062
2026-04-27,0.4104
2026-04-28,0.4171
2026-04-29,0.4308
2026-04-30,0.4293
2026-05-06,0.4304
2026-05-07,0.4319
2026-05-08,0.4252
2026-05-09,0.4183
2026-05-11,0.423
2026-05-12,0.4233
2026-05-13,0.4248
2026-05-14,0.4176
2026-05-15,0.4212
2026-05-18,0.4364
2026-05-19,0.4486
2026-05-20,0.4368
2026-05-21,0.4302
2026-05-22,0.425
2026-05-25,0.4263
2026-05-26,0.4146
2026-05-27,0.4269
2026-05-28,0.4179
2026-05-29,0.412
2026-06-01,0.4142
2026-06-02,0.3972
2026-06-03,0.3874
2026-06-04,0.3821
2026-06-05,0.3698
2026-06-08,0.3739
2026-06-09,0.3814
2026-06-10,0.383
2026-06-11,0.4127
2026-06-12,0.4139
2026-06-15,0.4083
2026-06-16,0.4043
2026-06-17,0.399
2026-06-18,0.3903
2026-06-22,0.3992
2026-06-23,0.4043
2026-06-24,0.3923
2026-06-25,0.3878
2026-06-26,0.3754
2026-06-29,0.3848
2026-06-30,0.3672
2026-07-01,0.3729
2026-07-02,0.3767
2026-07-03,0.3713
2026-07-06,0.3728
2026-07-07,0.3684
2026-07-08,0.3691
2026-07-09,0.3635
2026-07-10,0.3657
2026-07-13,0.3628
2026-07-14,0.3676
2026-07-15,0.3677
2026-07-16,0.3696
2026-07-17,0.373
2026-07-20,0.3693
2026-07-21,0.3712
2026-07-22,0.3779
2026-07-23,0.37
2026-07-24,0.3726
2026-07-27,0.3769
2026-07-28,0.3858
2026-07-29,0.3887
2026-07-30,0.4002
2026-07-31,0.3983
2026-08-03,0.3842
2026-08-04,0.3919
2026-08-05,0.3873
2026-08-06,0.3879
2026-08-07,0.3892
2026-08-10,0.3854
2026-08-11,0.3779
2026-08-12,0.3714
2026-08-13,0.3696
2026-08-14,0.3762
2026-08-17,0.3747
2026-08-18,0.3629
